,0,1
0,Funko Pop! Marvel: What If? - Frost Giant Loki,"
$12.99
"
1,Funko Pop! Rocks: Machine Gun Kelly,"
$12.99
"
2,Funko Soda: DC Comics - Bat Mite (w/chase),"
$9.99
"
3,Funko Pop! Marvel: Hawkeye,"
$12.99
"
4,Funko Pop! Disney: Walt Disney World 50th - Pirates of the Caribbean Dog w/Keys,"
$12.99
"
5,Funko Pop! Animation: Demon Slayer - Muzan Kibutsuji,"
$12.99
"
6,Funko Pop! The Office - Pam w/Teapot & Note,"
See price in cart
"
7,Funko Pop! Rocks: Eddie Van Halen with Guitar,"
$12.99
"
8,Funko Pop! Movies: Ghostbusters: Afterlife- Mini Puft in Cappuccino Cup,"
$12.99
"
9,Funko Pop! Disney: Ultimate Princess - Rapunzel,"
$12.99
"
10,Funko Soda: General Mills - Lucky Leprechaun (w/chase),"
$14.99
"
11,Funko Soda: Willy Wonka - Oompa Loompa (w/chase),"
$14.99
"
12,Funko Pop! Movies: Ghostbusters: Afterlife - Mini Puft with Graham Cracker,"
$12.99
"
13,Funko Pop! Marvel: Eternals - Druig,"
$12.99
"
14,Funko Pop!: Spider-Man - Spider-Punk,"
$19.99
"
15,Funko Pop! Marvel: Spider-Man No Way Home - MJ,"
See price in cart
"
16,Funko Soda: Incredibles - Edna Mode (w/chase),"
$11.99
"
17,Funko Pop! Marvel: What If? - Infinity Ultron,"
$12.99
"
18,Funko Pop! Movies: Ghostbusters: Afterlife - Mini Puft on Fire,"
$12.99
"
19,Funko Soda: Teen Titans - Metal Beast Boy (w/chase),"
$11.99
"
20,Funko Soda: Marvel - Captain America (w/chase),"
$14.99
"
21,Funko Soda: Jay & Silent Bob - Silent Bob (w/chase),"
$14.99
"
22,Funko Soda: My Hero Academia - Katsuki Bakugo (w/glow chase),"
$14.99
"
23,Funko Pop! Rocks: BTS - Dynamite - J-Hope,"
$12.99
"
24,Funko Soda: Animaniacs- Yakko (Styles May Vary),"
$14.99
"
25,Funko Pop! & Buddy: The Sword in the Stone : Merlin w/Archimedes,"
$12.99
"
26,Funko Pop! Rocks: Post Malone (Knight),"
$12.99
"
27,Funko Pop! Rocks: BTS - Dynamite - Suga,"
$12.99
"
28,Funko Soda: Jay & Silent Bob - Jay (w/glow chase),"
$14.99
"
29,Funko Pop!: Encanto - Luisa Madrigal,"
$12.99
"
30,Funko Pop! Rocks: BTS - Dynamite - Jimin,"
$12.99
"
31,Funko Soda: Up - Russel (w/chase),"
$14.99
"
32,Funko Soda: Super Friends Wonder Twins - Jayna (w/Vampire chase),"
$9.99
"
33,Funko Pop!: Encanto - Antonio Madrigal,"
$12.99
"
34,Funko Pop! Animation: Fire Force - Shinra w/Fire,"
$12.99
"
35,Funko Pop! Movies: Rocky 45th - Apollo Creed,"
$12.99
"
36,Funko POP! Super: Avatar: The Last Airbender Avatar Aang Master of All Four Elements 6 in,"
$39.99
"
37,Funko Pop! Animation: Dragon Ball Z S9- Vegito,"
$12.99
"
38,Funko Soda: Tootsie - Mr.Owl (w/flocked chase),"
$14.99
"
39,Funko Soda: Lemonhead (w/chase),"
$14.99
"
40,Funko Soda: Super Friends Wonder Twins - Zan (w/Vampire chase),"
$9.99
"
41,Funko Pop! Movies: Rocky 45th - Rocky Balboa,"
$12.99
"
42,Funko Pop!: Encanto - Isabela Madrigal,"
$12.99
"
43,Funko Pop! Marvel: Spider-Man No Way Home - Ned,"
$12.99
"
44,Funko Pop! TV: Blues Clues- Blue,"
$12.99
"
45,Funko Pop! Rocks: BTS - Dynamite - Jin,"
$12.99
"
46,POP! Funkoverse: Golden Girls 101 Strategy Game [Expandalone Set],"
$19.88
"
47,Funko Pop! Marvel: Eternals - Thena,"
$12.99
"
48,Funko Pop! My Hero Academia - Eijiro Unbreakable,"
$12.99
"
49,Funko Pop! Disney: Beauty & Beast - Belle,"
$12.99
"
50,Funko Soda: John Wick (w/chase - bloody),"
$14.99
"
51,Funko Pop! Animation: Powerpuff Girls- Mojo Jojo,"
$12.99
"
52,Funko Pop! NBA: Lakers - LeBron James (City Edition 2021),"
$12.99
"
53,Funko Pop! Disney: Ultimate Princess - Pocahontas,"
$12.99
"
54,Funko Pop! Movies: Ghostbusters: Afterlife - Mini Puft with Cocktail Umbrella,"
See price in cart
"
55,Funko Pop! Harry Potter Anniversary - Harry w/The Stone,"
$12.99
"
56,Funko Vinyl Gold: Buccaneers - Tom Brady (Home Uniform)(w/chase),"
$12.99
"
57,Funko Soda: Umbrella Academy - Pogo (w/chase - flocked),"
$11.99
"
58,Funko Pop! Rocks: BTS - Dynamite - V,"
$12.99
"
59,Funko Pop! Keychain: BTS - Dynamite- V,"
$9.99
"
60,Funko Pop! Keychain: BTS - Dynamite- RM,"
$9.99
"
61,Funko Pop! DC Comics: Dia de los DC Bane Glow-in-the-Dark (EE Exclusive),"
$18.99
"
62,Funko Pop! Wall E - Mo (w/chase),"
$12.99
"
63,Funko Soda: Klondike Kat (w/chase - flocked),"
$9.99
"
64,Funko Pop! Movies: The Suicide Squad - Harley Quinn (Bodysuit),"
$12.99
"
65,Funko Pop! Golden Girls - Blanche (Bowling Uniform),"
$12.99
"
66,Funko Pocket Pop! Keychain: Friday the 13th - Jason Voorhees,"
$9.99
"
67,Funko Pop! Animation: Yu-Gi-Oh - Yami Bakura,"
$12.99
"
68,Funko Pop! Movies: Ghostbusters: Afterlife - Muncher,"
$12.99
"
69,Funko Pop! Animation: Adventure Time- Jake w/Player,"
$12.99
"
70,Funko Pop! Movies: Halloween - Michael Myers 10 inch,"
$39.99
"
71,Funko Pop! Marvel: What If - Zombie Captain America,"
$12.99
"
72,Funko Soda: Robin Hood Prince John (w/chase),"
$14.99
"
73,Funko Pop! Animation: Fire Force - Maki,"
$12.99
"
74,Funko Pocket Pop! Keychain: Marvel - Spider-Man,"
$9.99
"
75,Funko Pop! Sanrio X Naruto - Hello Kitty,"
$12.99
"
76,Funko Soda: Masters of the Universe - SnoutSpout (w/chase),"
$14.99
"
77,Funko Pop! Animation: Dragon Ball Z S9- SS Goku w/Kamehameha Wave,"
$12.99
"
78,Funko Pop!: Encanto - Julieta Madrigal,"
$12.99
"
79,Funko Pop! Marvel: What If? - Infinity Killmonger,"
$12.99
"
80,Funko Pop! Marvel: What If? - Captain Carter (Stealth Suit),"
$12.99
"
81,Funko Pop! Animation: Yu-Gi-Oh - Mai Valentine,"
$12.99
"
82,Funko Pop!: Eternals- Gilgamesh w/Glow Chase,"
$12.99
"
83,Funko Soda: Hanna Barbera - Fleegle (w/chase),"
$14.99
"
84,Funko Pop! Animation: Adventure Time- BMO Cook,"
$12.99
"
85,Funko Soda: Quaker Oats - Quake (w/chase),"
$11.99
"
86,Funko Soda: Stranger Things - Eleven (w/chase),"
$14.99
"
87,Funko Pop! Disney: Ultimate Princess - Snow White,"
$12.99
"
88,Funko Pop! Animation: Rick & Morty- Evil Morty,"
$12.99
"
89,Funko Pop! Rocks: Iron Maiden- Eddie - Live After Death,"
$12.99
"
90,Funko Pop! Movies: La Llorona - La Llorona (w/chase),"
$12.99
"
91,Funko Pop! Disney: Ultimate Princess - Moana,"
$12.99
"
92,Funko Pop! Keychain: The Office - Prison Mike,"
$9.99
"
93,Funko Soda: The Office - Dwight w/Pumpkinhead (w/chase),"
$14.99
"
94,Funko Pop! Star Wars: The Mandalorian - Boba Fett,"
$12.99
"
95,Funko Pop! Teenage Mutant Ninja Turtles: Secret of the Ooze - Michaelangelo,"
See price in cart
"
96,Funko Gold 5 NFL: Cowboys- Dak Prescott (Home Uniform)(Styles May Vary),"
$12.99
"
97,Funko Pop! Keychain: Operation Game - Cavity Sam,"
$2.00
"
98,Funko Pocket Pop! Keychain: Naruto Shippuden - Naruto,"
$9.99
"
99,Funko Pop! Star Wars: The Mandalorian - Bo Katan (w/chase),"
$12.99
"
100,Funko Pocket Pop! Keychain: Harry Potter - Dobby,"
$9.99
"
101,Funko Pop! Animation: Dragon Ball Z S8- Cell (First Form),"
$12.99
"
102,Funko Pop! DC Comics:: Dia De Los DC - Batman,"
$12.99
"
103,Funko Pop! Movies: Ghostbusters: Afterlife - Podcast,"
$12.99
"
104,Funko Pop! Television: Squid Game - Red Soldier (Mask),"
$12.99
"
105,Funko Soda: Marvel - Shang Chi - Shang Chi (w/chase),"
$14.99
"
106,Funko Pop! Marvel: What If - Zombie Iron Man,"
$12.99
"
107,Funko Pop! Pokémon - Pidgeoto,"
$12.99
"
108,Funko Pop! Movies: Texas Chainsaw Massacre - Leatherface,"
$12.99
"
109,Funko Pop! NBA: Celtics- Jayson Tatum (Green Jersey),"
$12.99
"
110,Funko Pop! Rocks: DJ Khaled,"
$12.99
"
111,Funko Pop! Animation: Powerpuff Girls- Buttercup,"
$12.99
"
112,Funko Pop! DC Comics:: Dia De Los DC - Harley Quinn,"
$12.99
"
113,Funko Pop! Movies: Ghostbusters: Afterlife - Phoebe,"
$12.99
"
114,Funko Pop! Sanrio X Naruto - My Melody,"
$12.99
"
115,Funko Pop! Marvel: What If? - Gamora with Blade of Thanos,"
$12.99
"
116,Funko Pop! Rocks: Iron Maiden- Eddie- Somewhere in Time,"
$12.99
"
117,Funko Soda: DC Comics - Plastic Man (w/chase),"
$14.99
"
118,Funko Pop! Rocks: Jimi Hendrix (Live in Maui Jacket),"
$12.99
"
119,Funko Pocket Pop! Keychain: Harry Potter - Luna Lovegood,"
$9.99
"
120,Funko Pop! Television: South Park - Grand Wizard Cartman,"
$12.99
"
121,Funko Pop! Animation: Rick & Morty- Rick w/ Glorzo,"
$12.99
"
122,Funko Pop! Deluxe Disney: Villains - Ursula on Throne,"
$29.99
"
123,Funko Pop! Animation: Powerpuff Girls- Blossom,"
$12.99
"
124,Funko Pop! NBA: Grizzlies - Ja Morant (City Edition 2021),"
$12.99
"
125,Funko Pop! My Hero Academia - Ryuko in Hero Costume,"
$12.99
"
126,Funko Pop! Animation: Powerpuff Girls- Bubbles,"
$12.99
"
127,Funko Pop! Movies: James Bond- Paloma,"
$12.99
"
128,Funko Pop! Television: South Park - Paladin Butters,"
$12.99
"
129,Funko Pop! Movies: The Suicide Squad - Harley (Damaged Dress),"
$12.99
"
130,Funko Pop! Heroes: Black Lightning - Black Lightning,"
$12.99
"
131,Funko Pop! Disney: Ultimate Princess - Cinderella,"
$12.99
"
132,Funko Pop! Rocks: Pearl Jam 5-Pack,"
$79.99
"
133,Funko Pop! NBA: Suns - Chris Paul (City Edition 2021),"
$12.99
"
134,Funko Pop! Television: South Park - High Elf King Kyle,"
$12.99
"
135,Funko Soda: Starship Troopers - Johnny Rico (w/bloody chase),"
$9.99
"
136,Funko Pop! Animation: Cow & Chicken- Chicken,"
$12.99
"
137,Funko Pocket Pop! Keychain: The Nightmare Before Christmas - Jack Skellington,"
$9.99
"
138,Funko Pop! Star Wars: The Mandalorian - Luke Skywalker w/Grogu,"
$12.99
"
139,Funko Pop! Pokémon - Caterpie,"
$12.99
"
140,Funko Pop! Marvel: Hawkeye - Maya Lopez,"
$12.99
"
141,Funko Pop! Marvel: Shang-Chi - Shang-Chi with staff,"
$12.99
"
142,Funko Vinyl Gold NFL: Ravens - Lamar Jackson (Home Uniform)(w/chase),"
$12.99
"
143,Funko Pop! Animation: Fire Force - Iris,"
$12.99
"
144,Funko Pop! Rocks: Iron Maiden- Eddie- Seventh Son of Seventh Son,"
$12.99
"
145,Funko Pop! My Hero Academia - Sir Nighteye,"
$12.99
"
146,Funko Pop! Animation: Dragon Ball Z S8- Prince Vegeta,"
$12.99
"
147,Funko Pop! Animation: Cow & Chicken- Cow,"
$12.99
"
148,Funko Pop! Games: Fortnite - 8Ball,"
$12.99
"
149,Funko Pop! Animation: Dragon Ball Z S9- SS Gohan w/Noodles,"
$12.99
"
150,Funko Pop! Animation: Dragon Ball Z S9- Dr. Gero,"
$12.99
"
151,Funko Soda: Powerpuff Girls - Fuzzy Lumpkins (w/chase),"
$14.99
"
152,Funko Pop! Keychain: The Office - Kevin with Chili,"
$9.99
"
153,Funko Pop! DC Comics: Dia De Los DC - Joker,"
$12.99
"
154,Funko Pop! Television: South Park - Ranger Stan Marshwalker,"
$12.99
"
155,Funko Pop! Moments: Star Wars: Mandalorian - Boba Fett & Fennec Shand,"
$49.99
"
156,Funko Pop! Vinyl: Quaker - Cap'N Crunch Cereal Box,"
$12.99
"
157,Funko Pop! Animation: Adventure Time- Ultimate Wizard Finn,"
$12.99
"
158,Funko Pop! Movies: Tom and Jerry - Tom,"
$12.99
"
159,Funko Pop! Animation: Gatchaman - Joe The Condor,"
$12.99
"
160,Funko Pop! Marvel: Eternals - Kingo,"
$12.99
"
161,Funko Soda: Devo - Satisfaction (w/chase),"
$11.99
"
162,Funko Pop! Ad Icons: MTV- Moon Person (Rainbow),"
$12.99
"
163,Funko Pop!: Encanto - Abuela Alma Madrigal,"
$12.99
"
164,Funko Pop! Rocks: Bret Michaels (w/chase),"
$12.99
"
165,Funko Pop! Wall E - Eve Flying,"
$12.99
"
166,Funko Pop! Jumbo: Villains - Maleficent Dragon,"
$39.99
"
167,Collectible Protector Case,"
See price in cart
"
168,Funko Pop! Animation: Peppa Pig- Peppa Pig,"
$12.99
"
169,Funko Pop! Sanrio X Naruto - Badtz-Maru,"
$12.99
"
170,Funko Pocket Pop! Keychain: My Hero Academia - Todoroki,"
$9.99
"
171,Funko Pop! Animation: My Hero Academia - All Might [10-inch],"
$39.99
"
172,Funko Pop! Sanrio X Naruto - Pochacco,"
$12.99
"
173,Funko Pop! Boxing: Oscar De La Hoya,"
$12.99
"
174,Funko Pop! TV: The Office - Dwight w/Pumpkinhead,"
$12.99
"
175,Funko Pop! Mascots: Penn State- Nittany Lion,"
$12.99
"
176,Funko Pop! Mascots: Uni of Miami- Sebastian the Ibis,"
$12.99
"
177,Funko Pop! Animation: Simpsons- Bartigula Bart,"
$12.99
"
178,Funko Pop! Marvel: X-Men 20th- Cyclops,"
$12.99
"
179,Funko Pop! NBA: LA Lakers - Russell Westbrook (Christmas Edition 2021),"
$12.99
"
180,Funko Pop! NBA: Nets - Kevin Durant (Christmas Edition 2021),"
$12.99
"
181,Funko Pop! Mad TV - Alfred E. Neuman (with chase),"
$12.99
"
182,Funko Pop! Animation: Dragon Ball Z S8- Frieza 100% Final Form,"
$12.99
"
183,Funko Pop! Animation: Adventure Time- Princess Bubblegum,"
$12.99
"
184,Funko Pop! Marvel: What If - Gamora,"
$12.99
"
185,Funko Pop! Rocks: Iron Maiden- Eddie- Nights of the Dead,"
$12.99
"
186,Funko Pop! Television: Squid Game - Sae-Byeok 067,"
$12.99
"
187,Funko Pop! NFL: Dolphins- Tua Tagovailoa (Away Uniform),"
$12.99
"
188,Funko Pop! Ad Icons: White Castle - Slider,"
$12.99
"
189,Funko Pop! The Walking Dead - Maggie w/Bow,"
$12.99
"
190,Funko Pop! Rides: Jungle Cruise Mickey,"
$39.99
"
191,Funko Pop! Sanrio: Hello Kitty Kaiju - Mecha Kaiju,"
$12.99
"
192,Funko Pop! NBA: Dallas Mavericks - Luka Doncic (City Edition 2021),"
$12.99
"
193,Funko Pop! Marvel: Shang-Chi Katy,"
$12.99
"
194,Funko Vinyl Gold: Chiefs - Patrick Mahomes (Home Uniform) (w/chase),"
$29.99
"
195,Funko Pop! Keychain: Mandalorian- Child in Canister,"
$9.99
"
196,Funko Soda: Umbrella Academy - Number 5 (w/bloody chase),"
$14.99
"
197,Funko Pocket Pop! Keychain: Rick & Morty - Rick,"
$9.99
"
198,Funko Pop! Animation: Rick & Morty- Morty w/ Glorzo,"
$12.99
"
199,Funko Pop! TV: Simpsons - Barney,"
$12.99
"
200,Funko Pop! Movies: Tom and Jerry - Jerry,"
$12.99
"
201,Funko Pop! Keychain: BTS - Dynamite- J-Hope,"
$9.99
"
202,Funko Pop! Star Wars: The Mandalorian - Cobb Vanth (w/chase),"
$12.99
"
203,Funko Pocket Pop! Keychain: It - Pennywise [w/ Balloon],"
$9.99
"
204,Funko Pop! Keychain: Disneyland 65th Anniversary - Alice in Wonderland Teacup,"
$9.99
"
205,Funko Pop! Games: Pokemon - Pikachu (attack stance),"
$12.99
"
206,Funko Pop! Movies: Evil Dead Anniversary - Ash (w/chase),"
$12.99
"
207,Funko Soda: Klondike Kat Savoir Faire,"
$9.99
"
208,Funko Pop! Wall E - Wall E with Fire Extinguisher,"
$12.99
"
209,Funko Soda: Bullwinkle - Fearless Leader (w/chase),"
$14.99
"
210,Funko Pop! NBA: Legends- Scottie Pippen (Bulls Home),"
$12.99
"
211,Funko Pop! Star Wars: The Mandalorian - Mando holding Grogu,"
$12.99
"
212,Funko Pop! Deluxe: Star Wars - The Mandalorian - Mando on Bantha with Child in Bag,"
$29.99
"
213,Funko Pop! Games: Pokemon - Pikachu,"
$12.99
"
214,Funko Pop! Games: Pokemon - Meowth,"
$12.99
"
215,Funko Pop! Keychain: Star Wars- Darth Vader,"
$9.99
"
216,Funko Pop! Disney: Villains - Cruella de Vile,"
$12.99
"
217,Funko Pop! Deluxe Disney: Villains - Evil Queen on Throne,"
$24.99
"
218,Funko Pocket Pop! Keychain: Harry Potter - Hermione [w/ Potions],"
$9.99
"
219,Funko Pop! Star Wars: The Mandalorian - Grogu with Cookies,"
$12.99
"
220,Funko Pop! Icons: Vincent Price Horror,"
$12.99
"
221,Funko Pop! Harry Potter Anniversary - Ron in Devil's Snare,"
$12.99
"
222,Funko Pop! Animation: Adventure Time- Lumpy Space Princess,"
$12.99
"
223,Funko Pop! Keychain: Dumb & Dumber - Lloyd In Tux,"
$5.00
"
224,Funko Pop! Rocks: Britney Spears- Britney Spears,"
$12.99
"
225,Funko Pop! Keychain: South Park - Stan,"
$9.99
"
226,Funko Pop! Vinyl: General Mills - Trix Cereal Box,"
$12.99
"
227,Funko Pop! Ride Super Deluxe: Walt Disney World 50th - Dumbo w/Goofy,"
$29.99
"
228,Funko Pop! NBA: Pelicans - Zion Williamson (City Edition 2021),"
$12.99
"
229,Funko pop! Rocks: Youngblud,"
$12.99
"
230,Funko Pop! Animation: Simpsons- Emperor Montimus,"
$12.99
"
231,Funko Pop! NBA: Heat- Jimmy Butler (Black Jersey),"
$12.99
"
232,Funko Pop! Jumbo: Lilo & Stitch- Stitch 10 Inch,"
$39.99
"
233,Funko Pop! DC Comics:: Dia De Los DC - Blue Beetle,"
$12.99
"
234,Funko Soda: Pan Am Stewardess (w/chase),"
$9.99
"
235,Funko Pop! Movies: Ghostbusters: Afterlife - Lucky,"
$12.99
"
236,Funko Pop! Marvel: Infinity Warps- Arachknight,"
$12.99
"
237,Funko Pop! TV: Game of Thrones - Khal Drogo with Daggers,"
$12.99
"
238,Funko Pop! Bob's Burgers: Pride - Tina Belcher (Rainbow),"
$12.99
"
239,Funko Pop! Animation: Simpsons- Obeseus Homer,"
$12.99
"
240,Funko Pop! Animation: Dexter's Lab- Dee Dee,"
$12.99
"
241,Funko Pop! Movies: Back to the Future - Biff Tannen,"
$12.99
"
242,Funko Pop! Keychain: Marvel Lucha Libre - Hulk,"
$2.00
"
243,Funko Pop! Keychain: Marvel Lucha Libre - Wolverine,"
$2.00
"
244,Funko Pop!: Eternals - Sersi,"
$12.99
"
245,Funko Pop! Hasbro: Tiger Furby,"
$12.99
"
246,Funko Pop! Disney: Dug Days - Dug w/Squirrel,"
$12.99
"
247,Funko Pop! Movies: Jingle All The Way - Turbo Man,"
$12.99
"
248,Funko Pop! Marvel: Marvel Zombies - Thor,"
$12.99
"
249,Funko Pocket Pop! Keychain: Fairy Tail - Happy,"
$8.49
"
250,Funko Pop! Animation: Inspector Gadget with chase,"
$12.99
"
251,Funko Pop! Boxing: Ryan Garcia,"
$12.99
"
252,Funko Pocket Pop! Keychain: My Hero Academia - Deku [w/ Helmet],"
$9.99
"
253,Funko Pop! Movies: Cool Runnings- Sanka Coffie,"
$12.99
"
254,Funko Action Figure: Five Nights at Freddy's - Grim Foxy,"
$12.99
"
255,Funko Pop! Marvel: Shang-Chi Xialing,"
$12.99
"
256,Funko Pop! NBA: Mascots- San Antonio- The Coyote,"
$12.99
"
257,Funko Pop! Marvel: Shang-Chi Dragon Warrior,"
$12.99
"
258,Funko Pop! Artist Series: Infinity Saga - Black Widow (Red) with Pop! Protector Case,"
$24.99
"
259,Funko Pop!: Mighty Ducks - Fulton Reed,"
$12.99
"
260,Funko Pop! Disney: Villains - Queen Grimhilde,"
$12.99
"
261,Funko Pop! Star Trek Original Series - Captain Kirk in Chair,"
$12.99
"
262,Funko Pop! DC Comics: Breast Cancer Awareness - Bombshell Harley Quinn,"
$12.99
"
263,Funko Pop! Marvel: Deadpool 30th - Coffee Barista,"
$12.99
"
264,Funko Pop! NFL: Browns- Myles Garrett (Home Uniform),"
$12.99
"
265,Funko Pop! TV: The Office - Oscar w/Scarecrow Doll,"
$12.99
"
266,Funko Pop! Directors: Spike Lee (Purple Suit),"
$12.99
"
267,Funko Pop! Trouble- Trouble Board,"
$12.99
"
268,Funko Pop! Sanrio: Gudetama x Nissin - Gudetama in Shell,"
$12.99
"
269,Funko Soda: Super Chicken (w/chase - glow),"
$14.99
"
270,Funko Pocket Pop! Keychain: The Office - Dwight Schrute,"
$9.99
"
271,Funko Pop! NBA: Blazers - Damian Lillard (Christmas Edition),"
$12.99
"
272,"Funko Pop! Coca Cola - I'd like to buy the world a Coke"" Can","
$12.99
"
273,Funko Pop! TV The Office - Kevin as Dunder Mifflin Superhero,"
$12.99
"
274,"Funko Pop! Disney: Pixar - Alien as Woody 10""","
$42.49
"
275,Funko Pop! Animation: Simpsons- Lisandra Lisa,"
$12.99
"
276,Funko Pop! Keychain: Marvel Lucha Libre - Captain Marvel,"
$2.00
"
277,Funko Pop! Games: Fortnite - Love Ranger,"
$12.99
"
278,Funko Pop! Marvel: Eternals - Ikaris,"
$12.99
"
279,Funko Pop! Keychain: Disneyland 65th Anniversary - Flying Dumbo Ride w/Minnie,"
$9.99
"
280,Funko Pop! Teenage Mutant Ninja Turtles: Secret of the Ooze - Leonardo,"
$12.99
"
281,Funko Pop! Marvel: Marvel Zombies - Dr. Doom,"
$12.99
"
282,Funko Pop! Star Wars: Pride - Stormtrooper (Rainbow),"
$12.99
"
283,Funko Pop! Zack Snyder's Justice League - Superman,"
$12.99
"
284,Funko Pop! Football: Liverpool- Jurgen Klopp,"
$12.99
"
285,Funko Pop! Movies: Gremlins - Gremlin w/3D Glasses,"
$12.99
"
286,Funko Pop! Ad Icons: McDonald's - Fry Guy 2 pack,"
$24.99
"
287,Funko Pop! Teenage Mutant Ninja Turtles: Secret of the Ooze - Raphael,"
$12.99
"
288,Funko Pop! TV: Umbrella Academy- Klaus,"
$12.99
"
289,Funko Pop! Marvel: Infinity Warps- Iron Hammer,"
$12.99
"
290,Funko Pop! Sanrio: Gudetama x Nissin - Gudetama in Boat,"
$12.99
"
291,Funko Pop! MLB: Nationals- Stephen Strasburg (Home Uniform),"
$12.99
"
292,Funko Pop! TV: Star Trek Discovery - Michael Burnham,"
$12.99
"
293,Funko Pop! MLB: St. Louis Cardinals - Paul Goldschmidt,"
$12.99
"
294,Funko Pop! Teenage Mutant Ninja Turtles: Secret of the Ooze - Donatello,"
$12.99
"
295,Funko Pop!! NBA: Nets - James Harden (Christmas Edition 2021),"
$12.99
"
296,Funko Pop! Deluxe TV: Game of Thrones - Ned Stark on Throne,"
$29.99
"
297,Funko Action Figure: Five Nights at Freddy's - Jack-o-Bonnie,"
$12.99
"
298,Funko Pop! Movies: Dumb & Dumber - Casual Lloyd,"
$12.99
"
299,Funko Pop!: Marvel Avengers Game - Taskmaster,"
$12.99
"
300,Funko Pop! NBA: Lakers- Anthony Davis (Purple Jersey),"
$12.99
"
301,Funko Pop! NFL: Bills- Stefon Diggs (Home Uniform),"
$12.99
"
302,Funko Pop! TV: Umbrella Academy- Vanya,"
$12.99
"
303,Funko Pop! Ad Icons: McDonald's - Cowboy Nugget,"
$12.99
"
304,Funko Pop! NBA: Mascots- Toronto- Raptor(new pose),"
$12.99
"
305,Funko Pocket Pop! Keychain: Alien 40th - Xenomorph,"
$9.99
"
306,Funko Pop! NFL: Raiders- Josh Jacobs (Home Uniform)(MT),"
$12.99
"
307,Funko Pop! Sanrio: Hello Kitty Kaiju - Space Kaiju HK,"
$12.99
"
308,Funko Pop! Mascots: University of Texas- HOOK 'EM,"
$12.99
"
309,Funko Pop! Keychain: BTS - Dynamite- Jin,"
$9.99
"
310,Funko Pop! Movies: Gremlins - Gizmo w/3D Glasses,"
$12.99
"
311,Funko Pop! Animation: Gatchaman - Jun The Swan,"
$12.99
"
312,Funko Pop! Keychain: Dragon Ball Z- Gohan w/Sword,"
$9.99
"
313,Funko Pop! Movies: White Men Can't Jump- Billy Hoyle,"
$12.99
"
314,Funko Pop! MLB: Yankees- Gerrit Cole (Home Uniform),"
$12.99
"
315,Funko Pop! Marvel: Eternals - Phastos,"
$12.99
"
316,Funko Pop! Movies: Brightburn - Brandon Breyer,"
$12.99
"
317,Funko Action Figure: Five Nights at Freddy's - Glitchtrap,"
$12.99
"
318,Funko Pop! DC Comics:: Dia De Los DC - Green Lantern (Jessica Cruz),"
$12.99
"
319,Funko Pop! Icons: Bozo The Clown,"
$12.99
"
320,Funko Pop! Teenage Mutant Ninja Turtles: Secret of the Ooze - Tokka,"
$12.99
"
321,Funko Pop! TV: Seinfeld - George,"
$12.99
"
322,Funko Pop! Disney: Nightmare Before Christmas - Mayor (Artist's Series) w/Case,"
$24.99
"
323,Funko Pop! Movies: They Live - Rowdy Piper,"
$12.99
"
324,Funko Pop! Television: Squid Game - Il-Nam 001,"
$12.99
"
325,Funko Pop! Star Wars: The Mandalorian - Ahsoka w/ Sabers,"
$12.99
"
326,Funko Pocket Pop! Keychain: Avengers Infinity War - Iron Man,"
$9.99
"
327,Funko Pop! Movies: The Suicide Squad - Ratcatcher II w/Sebastian,"
$12.99
"
328,Funko Pop!: Birds of Prey - Roman Sionis,"
$12.99
"
329,Funko Pop! Marvel: Pride - Deadpool (Rainbow),"
$12.99
"
330,Funko Pop! Movies: The Suicide Squad - Peacemaker,"
$12.99
"
331,Funko Pop! Movies: Space Jam - Bugs Bunny,"
$12.99
"
332,Funko Pop! Animation: Dragon Ball Z S9- Kami,"
$12.99
"
333,Funko Pocket Pop! Keycahin: Guardians Of The Galaxy - Groot,"
$9.99
"
334,Funko Pop Mystery Minis Disney: Villains - (One Random),"
$7.99
"
335,Funko Pop! Heroes: Wonder Woman 80th - Wonder Woman (Flashpoint),"
$12.99
"
336,Funko Pop! Tokidoki: Donutella,"
$12.99
"
337,Funko Pop! Keychain: Lilo & Stitch- Stitch,"
$9.99
"
338,Funko Pop! Rocks: Lewis Capaldi,"
$12.99
"
339,Funko Pop! Disney: Dug Days - Carl,"
$12.99
"
340,Funko Pop! Disney: Nightmare Before Christmas - Oogie (Artist's Series) w/Case,"
$24.99
"
341,Funko Pop! 5 Pack Foldable Pop Protectors,"
$12.99
"
342,Funko Pop! Animation: Dragon Ball Super - Super Saiyan Kale,"
$12.99
"
343,Funko Pop! Transformers: Jazz,"
$12.99
"
344,Funko Pop! Television: Squid Game - Gi-hun 456,"
$12.99
"
345,Funko Pop! Teenage Mutant Ninja Turtles: Secret of the Ooze - Super Shredder,"
$12.99
"
346,Funko Pocket Pop! Keychain: My Hero Academia - Deku [in School Uniform],"
$9.99
"
347,Funko Pop! Pin: Avatar The Last Airbender - Appa,"
$15.99
"
348,Funko Pop! Marvel: What If - The Hydra Stomper,"
$24.99
"
349,Funko Pop! Disney: Villains - Lady Tremaine,"
$12.99
"
350,Funko Pop! Keychain: Marvel Lucha Libre - Spider-Man,"
$2.00
"
351,Funko Pop! Animation: Inspector Gadget Flying,"
$12.99
"
352,Funko Pop! TV: Altered Carbon - Takeshi Kovacs [Elias Ryker],"
$12.99
"
353,Funko Pop! Games: Pokemon - Horsea,"
$12.99
"
354,Funko Pop! Animation: Dragon Ball Super - Caulifla,"
$12.99
"
355,Funko Pop! Artist Series: Infinity Saga - Thor (Purple),"
$24.99
"
356,Funko Pop! Keychain: Umbrella Academy- Klaus,"
$9.99
"
357,"Funko Gold 5"" NFL: Browns- Baker Mayfield (Home Uniform) (Styles May Vary)","
$12.99
"
358,Funko Pop! NFL: Seahawks- Jamal Adams (Home Uniform),"
$12.99
"
359,Funko Mystery Minis: Lilo & Stitch (one random figure),"
$7.99
"
360,Funko Pop! Keychain: Marvel Lucha Libre - Deadpool,"
$5.00
"
361,Funko Pop! Marvel: What If - Zombie Captain Falcon,"
$12.99
"
362,Funko Pop! TV: Umbrella Academy- Allison,"
$12.99
"
363,Funko Pop! Disney: Soul - Mr. Mittens (Soul World),"
$12.99
"
364,Funko Pop! Rocks: Devo - Whip It w/Whip,"
$12.99
"
365,Funko Pop!: Peppermint Lane - Bjorn Cranmore,"
$12.99
"
366,Funko Pop! Television: Squid Game - Ali 199,"
$12.99
"
367,Funko Pop!: Wonder Woman 1984 - Cheetah,"
$12.99
"
368,Funko Pop! Rocks: Green Day - Mike Dirnt,"
$12.99
"
369,Funko Pop! TV: Game of Thrones - Robb Stark with Sword,"
$12.99
"
370,Funko Pop!: Wonder Woman 1984 - Wonder Woman Gold Power [Metallic],"
$12.99
"
371,Funko Pop! TV: Umbrella Academy- Number 5,"
$12.99
"
372,Funko Pop!: Eternals- Sprite,"
$12.99
"
373,Funko Pop! Keychain: Nightmare Before Christmas - Jack (scary face),"
$9.99
"
374,Funko Pop! Ad Icons: Hot Tamales Candy,"
$12.99
"
375,Funko Pop! Animation: Saint Seiya - Pegasus Seiya,"
$12.99
"
376,Funko Pop! Star Wars: The Mandalorian - Fennec Shand,"
$12.99
"
377,Funko Pop! TV: Mad Men - Betty,"
$12.99
"
378,Funko Pop! Ad Icons: Fruity Pebbles Cereal Box,"
$12.99
"
379,Funko Pocket Pop! Keychain: The Office - Michael Scott,"
$9.99
"
380,Funko Pop! TV: Umbrella Academy- Ben,"
$12.99
"
381,Funko Pop! TV: Happy Days - Fonzie,"
$12.99
"
382,Funko Pocket Pop! Keychain: The Office - Jim Halpert,"
$9.99
"
383,Funko Pop! NHL: St.Louis Blues- Ryan O'Reilly,"
$12.99
"
384,Funko Pop! MLB: Royals- Whit Merrifield (Home Uniform),"
$12.99
"
385,Funko Pop! TV: Game of Thrones - Dragon (IRON),"
$12.99
"
386,Funko Pop!: Mighty Ducks - Coach Bombay,"
$12.99
"
387,Funko Pop! Rocks: TLC- Chilli,"
$12.99
"
388,Funko Vinyl Gold NFL: Packers - Aaron Rodgers (Home Uniform)(w/chase),"
$12.99
"
389,Funko Pop! Animation: Fosters Home- Mac,"
$12.99
"
390,Funko Pop! Keychain: Dragon Ball Z- Vegeta,"
$9.99
"
391,Funko Pop! Keychain: Dragon Ball Z- Goku w/Kamehameha,"
$9.99
"
392,Funko Pop! Marvel: The Falcon & Winter Soldier - Falcon (flying),"
$12.99
"
393,Funko Pop! Animation: Powerpuff Girls- Fuzzy Lumpkins,"
$12.99
"
394,Funko Pop! Disney: Pride - Wall-E (Rainbow),"
$12.99
"
395,Funko Pocket Pop! Keychain: Stranger Things - Eleven [with Eggo],"
$9.99
"
396,Funko Pop! Keychain: Star Wars- Stormtrooper,"
$9.99
"
397,Funko Pop! Super: Rick & Morty- Balthromaw 6 Inch,"
$24.99
"
398,Funko Pop! Keychain: Nightmare Before Christmas - Sally Sewing,"
$9.99
"
399,Funko Pop! TV: Game of Thrones - Arya Training,"
$12.99
"
400,Funko Pop! Movies: Godzilla vs Kong- Kong 10 inch,"
$39.99
"
401,Funko Pocket Pop! Keychain: The Little Mermaid - Ariel,"
$9.99
"
402,Funko Pop! Sanrio X Naruto - Chococat,"
$12.99
"
403,Funko Pop! NFL: Broncos- Jerry Jeudy (Home Uniform),"
$12.99
"
404,Funko Pocket Pop! Keychain: Marvel - Deadpool,"
$9.99
"
405,Funko Pop! Games: Assassins Creed Valhalla- Eivor,"
$12.99
"
406,Funko Pop!: Marvel Avengers Game - Kamala Khan (Stark Tech Suit),"
$12.99
"
407,Funko Pop! TV: Queens Gambit - Beth Harmon Final Game,"
$12.99
"
408,Funko Pop! Heroes: Wonder Woman 80th -Wonder Woman (Odyssey),"
$12.99
"
409,Funko Pop! Disney: Villains - Doctor Facilier,"
$12.99
"
410,Funko Pop! Marvel: Deadpool 30th - Flamenco Deadpool,"
$12.99
"
411,Funko Pop! Zack Snyder's Justice League - Darkseid,"
$12.99
"
412,Funko Pop! Marvel: Infinity Warps- Ghost Panther,"
$12.99
"
413,Funko Pop! NBA: Mascots- Charlotte- Hugo,"
$12.99
"
414,Funko Pop! Teenage Mutant Ninja Turtles: Secret of the Ooze - Rahzar,"
$12.99
"
415,Funko Pop! TV: Seinfeld - Jerry with Puffy Shirt,"
$12.99
"
416,Funko Pop! Keychain: Mandalorian- The Child,"
$9.99
"
417,Funko Pop! Keychain: Master of the Universe - Skeletor with Terror Claws,"
$9.99
"
418,Funko Pop! Paka Paka: Boo Hollow - Raven,"
$12.99
"
419,Funko Pop! Ride Super Deluxe: The Nightmare Before Christmas - Jack & Snowmobile,"
$29.99
"
420,Funko Pop! Marvel: Loki - Ravonna Renslayer with Miss Minutes,"
$12.99
"
421,Funko Pop! Disney: Villains - Captain Hook,"
$12.99
"
422,Funko Pop! Animation: Samurai Jack - Armored Jack (Styles May Vary),"
$12.99
"
423,Funko Pop! NHL:Legends-WayneGretzky(LAKings)(WH),"
$12.99
"
424,Funko Pop! Games: Sekiro - Sekiro,"
$12.99
"
425,Funko Pop! Games: Fortnite - Blackheart,"
$12.99
"
426,Funko Pop! Movies: Hobbs & Shaw - Hattie,"
$12.99
"
427,Funko Pop! Movies: James Bond- Nomi,"
$12.99
"
428,Funko Pop! Keychain - Wonder Woman 80th Wonder Woman (Classic w/Cape),"
$9.99
"
429,Funko Pop! Disney: Pride - Mickey Mouse (Rainbow),"
$12.99
"
430,Funko Pop! Keychain: Master of the Universe - He-Man,"
$9.99
"
431,Funko Pop! TV: Seinfeld - Kramer,"
$12.99
"
432,Funko Pop! Disney: Nightmare Before Christmas - Sally (Artist's Series) w/Case,"
$24.99
"
433,Funko Pop! Movies: Mandy - Mandy (w/chase),"
$12.99
"
434,Funko Pop! TV: Queens Gambit - Beth Harmon with Rock,"
$12.99
"
435,Funko Pop! Marvel: Shang-Chi Wen Wu,"
$12.99
"
436,Funko Pop! Animation: Monster Hunter - Lute [w/ Navirou],"
$12.99
"
437,Funko Pop! Rocks: TLC- Left-Eye,"
$12.99
"
438,Funko Pop! Rocks: Kid 'N Play- Kid,"
$12.99
"
439,Funko Pop! Games: Vox Machina - Pike Trickfoot,"
$12.99
"
440,Funko Pop! Disney: Nightmare Before Christmas - Undersea Gal,"
$12.99
"
441,Funko Pop! Animation: Simpsons- Marjora Marge,"
$12.99
"
442,Funko Pop! Disney: Mulan (Live Action) - Li Shang,"
$12.99
"
443,Funko Pop! Marvel: Lucha Libre - Venom,"
$12.99
"
444,Funko Pop! TV: Doctor Who - Kerblam Man,"
$12.99
"
445,Funko Pop! NBA: LA Clippers - Paul George (Alternate),"
$12.99
"
446,Funko Pop! TV: Seinfeld - Jerry Doing Stand-Up,"
$12.99
"
447,Funko Pop! Animation: Solar Opposites- Terry,"
$12.99
"
448,Funko Pocket Pop! Keychain: Jurassic World Fallen Kingdom - Blue,"
$9.99
"
449,Funko Pocket Pop! Keychain - Star Wars Book of Boba Fett - Boba Fett,"
$9.99
"
450,Funko Pop! Rocks: TLC- T-Boz,"
$12.99
"
451,Funko Pop! Keychain: Star Wars- R2-D2,"
$9.99
"
452,Funko Pop! Keychain: Dragon Ball Z- Master Roshi (Peace Sign),"
$9.99
"
453,Funko Pop! TV: Seinfeld - Newman the Mailman,"
$12.99
"
454,Funko Pop! Animation: Bakugan- Drago,"
$12.99
"
455,Funko Action Figure: Five Nights at Freddy's Dreadbear - Dreadbear,"
$12.99
"
456,Funko Pop! Games: Pokemon - Rattata,"
$12.99
"
457,Funko Pop! Keychain: Pixar - Alien as Woody,"
$5.00
"
458,"Funko Pop! Marvel: Eternals - Arishem 10""","
$39.99
"
459,Funko Pop! TV: Happy Days - Arnold,"
$12.99
"
460,Funko Pop! Movies: Office Space - Joanna [w/ flair],"
$12.99
"
461,Funko Pop! Movies: The Goonies- Mikey w/Map,"
$12.99
"
462,Funko Pop! TV: Umbrella Academy- Diego,"
$12.99
"
463,Funko Pop! Disney: The Sword in the Stone - Arthur,"
$12.99
"
464,Funko Pop! Masters of the Universe - He-Man 10 inch,"
$39.99
"
465,Funko Pop! Star Wars: The Mandalorian - Dark Trooper,"
$12.99
"
466,Funko Pop! Animation: Saint Seiya - Andromeda Shun,"
$12.99
"
467,Funko Pop! Pin: The Office - Pam,"
$9.88
"
468,Funko Pop! Town: Bob's Big Boy Restaurant with Big Boy,"
$29.99
"
469,Funko Pop! WWE: Asuka,"
$12.99
"
470,Funko Pop! Marvel: The Falcon and the Winter Soldier - John F. Walker,"
$12.99
"
471,Funko Pop! TV: Ultraman - Ultraman Ace,"
$12.99
"
472,Funko Pop! TV: Seinfeld - Yev Kassem,"
$12.99
"
473,Funko Pop! Pin: Avatar The Last Airbender - Aang (w/chase),"
$15.99
"
474,Funko Pocket Pop! Keychain: Bathtime Deadpool,"
$9.99
"
475,Funko Pop! Animation: Saint Seiya - Dragon Shiryu,"
$12.99
"
476,Funko Pop! Star Wars: Episode 9 - Rey w/2 Light Sabers,"
$12.99
"
477,Funko Pop! Directors: Jason Blum,"
$12.99
"
478,Funko Pop! Disney: Dug Days - Russell,"
$12.99
"
479,Funko Pop! TV: Queens Gambit - Beth Harmon with Trophies,"
$12.99
"
480,Funko Pop! Disney: Dug Days - Dug with Medal,"
$12.99
"
481,Funko Pop! WWE: Chyna,"
$12.99
"
482,Funko Pop! DC Comics:: Dia De Los DC - Bane,"
$12.99
"
483,Funko Pop! Games: Vox Machina - Grog Strongjaw,"
$12.99
"
484,Funko Pop! Keychain: The Flash- The Flash,"
$9.99
"
485,Funko Pop! Tokidoki: Stellina,"
$12.99
"
486,Funko Pop! Marvel: Eternals - Dane Whitman,"
$12.99
"
487,Funko Pop! Vinyl: G.I. Joe - V2 Storm Shadow,"
$12.99
"
488,Funko Pop! Television: Squid Game - Sang-Woo 218,"
$12.99
"
489,Funko Pop! Star Wars: Concept Series - Stormtrooper,"
$12.99
"
490,Funko Pop! Heroes: Wonder Woman 80th -Wonder Woman (White Lantern),"
$12.99
"
491,Funko Pop! Rocks: Boyz II Men - Nathan Morris,"
$12.99
"
492,Funko Pop! Animation: Saint Seiya - Phoenix Ikki,"
$12.99
"
493,Funko Pop! Marvel: Infinity Warps- Madame Hel,"
$12.99
"
494,Funko Pop! Keychain: Marvel Zombies - Gambit,"
$5.00
"
495,Funko Pop! Ride Super Deluxe: Wonder Woman 80th - Wonder Woman on Pegasus,"
$39.99
"
496,Funko Pop! Rocks: Kid 'N Play- Play,"
$12.99
"
497,Funko Pop! Zack Snyder's Justice League - Diana with Arrow,"
$12.99
"
498,Funko Pop! Games: Vox Machina - Scanlan Shorthalt,"
See price in cart
"
499,Funko Pop! Rocks: Devo - Satisfaction (Yellow Suit),"
$12.99
"
500,Funko Pop! Pin: DC Comics - Wonder Woman (w/chase),"
$15.99
"
501,Funko Pop! Movies: The Goonies - Data w/Glove Punch,"
$12.99
"
502,Funko Pop! Rocks: Fall Out Boy- Patrick Stump,"
$12.99
"
503,POP! Funkoverse: Jurassic Park 101 Strategy Game [Expandalone Set],"
$24.99
"
504,Funko Seinfeld All Character Pop 4 Pack Pin Set,"
$29.88
"
505,Funko Pop! Animation: Line Friends- Cony,"
$12.99
"
506,Funko Pop!: Marvel Avengers Game - MODOK,"
$12.99
"
507,Funko Pop! :Pops! with Purpose: (Youth Trust) - Yara Florr,"
$12.99
"
508,Funko Pop! Movies: Mandy - Red Miller,"
$12.99
"
509,Funko Pop! Rocks: Duran Duran - Andy Taylor,"
$12.99
"
510,Funko Pop! Movies: The Suicide Squad - Rick Flag,"
$12.99
"
511,Funko Pop! Rides: Oscar Mayer - Wienermobile,"
$29.99
"
512,Funko Pop! Keychain: Dumb & Dumber - Harry In Tux,"
$9.99
"
513,Funko Pop! Star Wars: Concept Series - Han Solo,"
$12.99
"
514,Funko Pop! Games: Vox Machina - Keyleth,"
$12.99
"
515,Funko Pop! Games: Fortnite - Ghoul Trooper,"
$12.99
"
516,Funko Pop! Animation: Solar Opposites- Jesse,"
$12.99
"
517,Funko Pop! Train: Casey Jr. - Donald Duck w/Engine,"
$24.99
"
518,Funko Pop! Rocks: Fall Out Boy- Pete Wentz,"
$12.99
"
519,Funko Pop! Keychain: Mandalorian- Child w/Cup,"
$9.99
"
520,Funko Pop! Animation: Rick & Morty- Queen Summer,"
$12.99
"
521,Funko Pop! Marvel: The Falcon and the Winter Soldier - Sharon Carter,"
See price in cart
"
522,Funko Pop! Animation: Vocaloid - Mergurine Luka V4X,"
$12.99
"
523,Funko Pop! Keychain: Texas Chainsaw Massacre - Leatherface (Classic),"
$9.99
"
524,Funko Pop! Keychain: Star Wars- Chewbacca,"
$9.99
"
525,Funko Pop! NBA: Legends- George Gervin (Spurs Home),"
$12.99
"
526,Funko Pop! Pin: Marvel - Baby Groot (w/chase),"
$15.99
"
527,Funko Pop! Pin: Roger Rabbit,"
$15.99
"
528,Funko Pop! Disney: Frozen II - Mattias,"
$12.99
"
529,Funko Pop! Keychain: Gremlins - Gizmo w/3D Glasses,"
$9.99
"
530,Funko Pop! Pin: Star Wars - Jabba The Hutt (w/chase),"
$15.99
"
531,Funko Pop! Games: Fortnite - UltimaKnight,"
$12.99
"
532,Funko Pop! Movies: Mortal Engines - Tom Natsworthy,"
$12.99
"
533,Funko Pop! Movies: Minions - Mummy Stuart,"
$12.99
"
534,Funko Pop! Movies: Dumb & Dumber - Lloyd Getting Haircut,"
$12.99
"
535,Funko Pop! Marvel: Eternals - Kro,"
$12.99
"
536,Funko Pop! Movies: Fast & Furious 9- Jakob Toretto,"
$12.99
"
537,Funko Pop! Sanrio: Gudetama x Nissin - Chicken Gudetama,"
$12.99
"
538,Funko Pop! Keychain: Lilo & Stitch- Lilo w/Camera,"
$9.99
"
539,Funko Pop! Animation: Samurai Jack - High Priestess,"
$12.99
"
540,Funko Pop! Town: Master of the Universe - Snake Mountain w/Skeletor,"
$29.99
"
541,Funko Pop! Movies: James Bond - Roger Moore (Moonraker),"
$12.99
"
542,Funko Pop! NBA:Washington Wizards-Bradley Beal (Alternate),"
$12.99
"
543,Funko Pop! NBA: Legends- Isiah Thomas(Pistons Home),"
$12.99
"
544,Funko Pop! Keychain: Star Wars- Boba Fett,"
$9.99
"
545,Funko Pop! Marvel: Fantastic Four - Mole Man,"
$12.99
"
546,Funko Pop! TV: Creepshow - Scarecrow,"
$12.99
"
547,Funko Pop! TV: Umbrella Academy- Baby Pogo,"
$12.99
"
548,Funko Pop! TV: Will & Grace - Will Truman,"
$12.99
"
549,Funko Pop! TV: Altered Carbon - Takeshi Kovacs [Wedge Sleeve],"
$12.99
"
550,Funko Pop! Disney: Pixar - Alien as Dory,"
$12.99
"
551,Funko Pop! TV: V - Diana,"
$12.99
"
552,Funko Pop! Movies: Mortal Kombat - Cole Young,"
$12.99
"
553,Funko Pop! Marvel: Infinity Warps- Diamond Patch,"
$12.99
"
554,Funko Pop!: Wonder Woman 1984 - Barbara Minerva,"
$12.99
"
555,Funko Pop! His Dark Materials- Lyra w/Pan,"
$12.99
"
556,Funko Pop! Keychain: Mandalorian- IG-11,"
$5.00
"
557,Funko Pop! Masters of the Universe - Merman,"
$12.99
"
558,Funko Pop! WWE: Drew McIntyre,"
$12.99
"
559,Funko Pop!: Wonder Woman 1984 - Diana Prince [Gala],"
$12.99
"
560,Funko Pop! Keychain: The Office - Darryl,"
$9.99
"
561,Funko Pop! DC Comics: Breast Cancer Awareness - Bombshell Catwoman,"
$12.99
"
562,Funko Pop! Keychain Transformers: Megatron,"
$9.99
"
563,Funko Pop! Football: Chelsea - Kepa Arrizabalaga,"
$12.99
"
564,Funko Pop! Marvel: Deadpool 30th - LARP Deadpool,"
$12.99
"
565,Funko Pop! TV: Umbrella Academy- Luther,"
$12.99
"
566,Funko Pop! TV: Happy Days - Chachi,"
$12.99
"
567,Funko Pop! Games: Vox Machina - Percival De Rolo,"
$12.99
"
568,Funko Pop! MLB: Mets- Pete Alonso (Road Uniform),"
$12.99
"
569,Funko Pop! Animation: Solar Opposites- Yumyulack,"
$12.99
"
570,Funko Pop! Animation: Saint Seiya - Cygnus Hyoga,"
$12.99
"
571,Funko Pop! Keychain: Hasbro- Mr. Potato Head,"
$9.99
"
572,Funko Pop! DC Comics: Breast Cancer Awareness - Bombshell Wonder Woman,"
$12.99
"
573,Funko Pop! NBA: Legends- Dominique Wilkins (Hawks Home),"
$12.99
"
574,Funko Pop! Games: Vox Machina - Vex'ahila,"
$12.99
"
575,"Paka Paka Plush: Soda Kat- 7"" Meowtain Mew","
$11.99
"
576,Funko Pop! Marvel: Lucha Libre - Deadpool,"
$12.99
"
577,Funko Pop! Pin: Star Wars - Han Solo in Carbonite,"
$15.99
"
578,Funko Pop! Heroes: Black Lightning - Lightning,"
$12.99
"
579,Funko Pop! Directors: Patty Jenkins,"
$12.99
"
580,Funko Pop! Disney: Monsters at Work - Val,"
$12.99
"
581,Funko Pop! Keychain: Tokidoki- SANDy,"
$5.00
"
582,Funko Pop! TV: Ultraman - Alien Baltan,"
$12.99
"
583,Funko Pop! Rides: Captain Marvel - Carol Danvers On Motorcycle,"
$29.99
"
584,Funko Pop! Disney: Haunted Mansion Portraits - Constance Hatchaway,"
$12.99
"
585,Funko Pop! Animation: Bakugan- Runo,"
$12.99
"
586,Funko Pop! Heroes: Wonder Woman 80th-Wonder Woman (A Twist Of Fate),"
$12.99
"
587,Funko Pop!: Wonder Woman 1984 - Steve Trevor,"
$12.99
"
588,Funko Pop! TV: Seinfeld - Elaine in Dress,"
$12.99
"
589,Funko Pop! Heroes: Wonder Woman 80th- Wonder Woman (The Contest),"
$12.99
"
590,Funko Pop! TV: Hercules Legendary Journeys - Hercules,"
$12.99
"
591,Funko Pop! Animation: Bakugan- Skyress,"
$12.99
"
592,Funko Pop! Pin: Marvel - Captain America,"
$15.99
"
593,Funko Pop! His Dark Materials- Asriel w/Stelmaria,"
$12.99
"
594,Funko Pop! Keychain: Star Wars- C-3PO,"
$9.99
"
595,Funko Pop! Disney Pixar: Alien Remix Randall,"
$12.99
"
596,Funko Pocket Pop! Keychain - Star Wars Book of Boba Fett - Fennec Shand,"
$9.99
"
597,Funko Pop! Masters of the Universe - Clamp Champ,"
$12.99
"
598,Funko Pop! Vinyl: G.I. Joe - Scarlett,"
$12.99
"
599,Funko Pop! MLB: Tampa Bay Rays - Austin Meadows,"
$12.99
"
600,Funko Pop! Keychain: Umbrella Academy- Pogo,"
$9.99
"
601,Funko Pop! Keychain - Wonder Woman 80th Wonder Woman (A Twist of Fate),"
$9.99
"
602,Funko Pop! Pin: DC Comics - Superman,"
$15.99
"
603,Funko Pop! TV: Happy Days - Richie,"
$12.99
"
604,Funko Pop! Ad Icons: Pan Am - Stewardess with white bag,"
$12.99
"
605,Funko Pop! NHL: Calgary Flames - Matthew Tkachuk,"
$12.99
"
606,Funko Pop! Movies: Minions 2 - 70's Bob,"
$12.99
"
607,Funko Pop! Movies: Minions 2 - Pet Rock Otto,"
$12.99
"
608,Funko Pop! Animation: Solar Opposites- Korvo,"
$12.99
"
609,Funko Pop! NHL: Panthers- Jonathan Huberdeau (Home Unifor,"
$12.99
"
610,Funko Pop! TV: Will & Grace - Grace Adler,"
$12.99
"
611,Funko Pop! Marvel: Infinity Warps- Soldier Supreme,"
$12.99
"
612,Funko Pocket Pop! Keychain: My Hero Academia - All For One,"
$9.99
"
613,Funko Pop! TV: Ultraman - Kanegon,"
$12.99
"
614,Funko Pop! NHL: Legends- Bobby Clarke (Flyers),"
$12.99
"
615,Funko Pop! Pin: The Office - Jim,"
$9.88
"
616,Funko Pop! Games: Cyberpunk 2077 - V-Female,"
$12.99
"
617,Funko Pop! Star Wars: Concept Series - Snowtrooper,"
$12.99
"
618,Funko Pop! TV: V - Mike Donovan,"
$12.99
"
619,Funko Pop!: Star Wars The Rise of Skywalker - Jannah,"
$12.99
"
620,Funko Pop! Keychain: Mattel-Rock'em Sock'em Robot (Blue),"
$5.00
"
621,Funko Pop! Marvel: Lucha Libre - Hulk,"
$12.99
"
622,Funko Pop! Disney: Beauty & Beast- Formal Gaston,"
$12.99
"
623,Funko Pop! TV: Black Mirror - Nanette Cole,"
$12.99
"
624,Funko Pocket Pop! Keychain: Minions 2 - Roller Skating Stuart,"
$9.99
"
625,Funko Pop! Keychain: Wonder Woman 80th -Wonder Woman (Flashpoint),"
$9.99
"
626,Funko Pop! Vinyl: G.I. Joe - V1 Snake Eyes,"
$12.99
"
627,Funko Pop! TV: Ultraman - Father of Ultra,"
$12.99
"
628,Funko Pop! TV: Happy Days - Joanie,"
$12.99
"
629,Funko Pop! Masters of the Universe - Trapjaw 10 inch,"
$39.99
"
630,Funko Pop! TV: Masters of the Universe - Mosquitor,"
$12.99
"
631,Funko Pop! Keychain: Godzilla vs Kong- Kong with weapon,"
$9.99
"
632,"Funko Pop! Star Trek Original Series - Spok (Mirror, Mirror Outfit)","
$12.99
"
633,Funko Pop! MLB: Brewers- Christian Yelich (Road Uniform),"
$12.99
"
634,Funko Pop! TV: Eastbound & Down - Kenny Powers with Chicken,"
$12.99
"
635,Funko Pop! Games: Cyberpunk 2077 - V-Male,"
$12.99
"
636,Funko Pop! MLB: Dodgers- Cody Bellinger (Road Uniform),"
$12.99
"
637,Funko Pop! Keychain: Star Wars - Luke Skywalker,"
$9.99
"
638,Funko Pop! Keychain: Tokidoki- Stellina,"
$9.99
"
639,Funko Pop! Rides: Masters of the Universe - Skeletor w/Night Stalker,"
$29.99
"
640,Funko Pop! Games: Cyberpunk 2077 - Takemura,"
$12.99
"
641,Funko Pop! Rocks: Boyz II Men - Wanya Morris,"
$12.99
"
642,Funko Pop! Football: Manchester City- Phil Foden,"
$12.99
"
643,Funko Pop! Movies: Dumb & Dumber - Harry Getting Haircut,"
$12.99
"
644,Funko Pop! Keychain: Nightmare Before Christmas - Oogie (bugs),"
$9.99
"
645,Funko Pop! Football: Paris Saint-Germain - Marquinhos,"
$12.99
"
646,Funko Pop! NHL: Legends- Wayne Gretzky - LA Kings 10 Inch,"
$39.99
"
647,Funko Pop! Movies: The Suicide Squad - Bloodsport,"
$12.99
"
648,Funko Pop! Animation: Line Friends- Brown,"
$12.99
"
649,Funko Pop! NBA: Legends- Julius Erving (Nets Home),"
$12.99
"
650,Funko Pop! Football: Arsenal - Lucas Torreira,"
$12.99
"
651,Funko Pop! Keychain: Gremlins - Gremlin w/3D Glasses,"
$9.99
"
652,Funko Pop!: The Boys - Translucent,"
$12.99
"
653,Funko Pop! NBA: Legends- Hakeem Olajuwon (Rockets Home),"
$12.99
"
654,Funko Pop! Pin: Star Wars - Boushh Leia,"
$15.99
"
655,Funko Pop! DC Comics: Breast Cancer Awareness - Bombshell Supergirl,"
$12.99
"
656,Funko Pop! Keychain: The Office - Dwight as Dark Lord,"
$9.99
"
657,Funko Pop! Pin: Marvel - Rocket,"
$15.99
"
658,Funko Pop! Movies: Space Jam - Dom (w/chase),"
$12.99
"
659,Funko Pop! His Dark Materials- Lee w/Hester,"
$12.99
"
660,Funko Pop! Football: PSG- �ngel Di Mar�a,"
$12.99
"
661,Funko Pop! Pin: DC Comics - Cyborg,"
$15.99
"
662,Funko Vinyl Gold NFL: Seahawks- Russell Wilson (Home Uniform)(w/chase),"
$12.99
"
663,Funko Pop! Disney: Pixar - Alien as Dot,"
$12.99
"
664,Funko Pop! Disney: Small World - England,"
$12.99
"
665,Funko Pop! TV: Altered Carbon - Takeshi Kovacs [Birth Kovacs],"
$12.99
"
666,"Funko Pop! Movies: Cool Runnings- Irving ""Irv"" Blitzer","
$12.99
"
667,Funko Pop! Animation: Dragon Ball Super - Future Mai,"
$12.99
"
668,Funko Pop! Keychain: Star Wars- Princess Leia,"
$9.99
"
669,Funko Pop! Keychain Transformers: Bumblebee,"
$9.99
"
670,Funko Pop! Vinyl: G.I. Joe - The Baroness,"
$12.99
"
671,Funko Pop! TV: Black Mirror - Robert Daly,"
$12.99
"
672,Funko Pop! Clue - Mrs. White with Wrench,"
$12.99
"
673,Funko Pop! Animation: Bakugan- Dan,"
$12.99
"
674,Funko Pop! Marvel: Deadpool 30th - Roman Senator Deadpool,"
$12.99
"
675,Funko Pop! Animation: Monster Hunter - Avinia,"
$12.99
"
676,"Paka Paka Plush: Soda Kat- 7"" Dr. Purr Purr","
$11.99
"
677,Funko Pop! His Dark Materials- Mrs. Coulter w/Daem,"
$12.99
"
678,Funko Pop! Movies: Mortal Engines - Thaddeus Valentine,"
$12.99
"
679,"Paka Paka Plush: Soda Kat- 7"" Purpsie","
$11.99
"
680,Funko Pop! Keychain: Star Wars- Yoda,"
$9.99
"
681,Funko Pop! Ad Icons: Pan Am - Stewardess,"
$12.99
"
682,Funko Pop! Ad Icons: Pan Am - Stewardess with blue bag,"
$12.99
"
683,Funko Pop! Movies: Dune - Feyd-Rautha Harkonnen [w/ Battle Outfit],"
$12.99
"
684,Funko Pop! Tokidoki: Mozzerella,"
$12.99
"
685,Funko Pop! Keychain: Mandalorian- Mandalorian,"
$9.99
"
686,Funko Pop! Rides: Disneyland 65th - Matterhorn Bobsled Attraction and Donald Duck,"
$29.99
"
687,Funko Pop! Star Wars: The Mandalorian - Gamorrean Fighter,"
$12.99
"
688,"Paka Paka Plush: Soda Kat- 7"" Kitty Cola","
$11.88
"
689,Funko Pop! TV: Game of Thrones - Tyrion with Shield,"
$12.99
"
690,Funko Pop! Football: Manchester City- Raheem Sterling,"
$12.99
"
691,Funko Pop! Animation: Samurai Jack - Ashi,"
$12.99
"
692,Funko Pop! Disney: Monsters at Work - Tylor,"
$12.99
"
693,Funko Pop Keychain TV: Game of Thrones - Dragon (IRON),"
$9.99
"
694,Funko Pop! Clue - Mr. Green with Lead Pipe,"
$12.99
"
695,Funko Pop! Keychain: My Little Pony - Blossom,"
$5.00
"
696,Funko Pop! Pin: Star Wars - Lando Calrissian,"
$15.99
"
697,Funko Seinfeld All Character Pop Blind Set (One Random Pin),"
$12.88
"
698,Funko Pop! Pin: DC Comics- Flash,"
$15.99
"
699,Funko Pop! Movies: Bram Stoker's- Van Helsing,"
$12.99
"
700,Funko Pop! NBA: Nuggets- Jamal Murray (Dark Blue Jersey),"
$12.99
"
701,Funko Pop! Heroes: Black Lightning - Tobias Whale,"
$12.99
"
702,Funko Pop! NHL: Oilers- Connor McDavid (Third Uniform),"
$12.99
"
703,Funko Pop! NBA:Hornets-GordonHayward(Teal Jersey),"
$12.99
"
704,Funko Pop! NHL:Legends- TerrySawchuk(Red Wings),"
$12.99
"
705,Funko Pop! Star Trek Original Series - Khan,"
$12.99
"
706,Funko Pop! Animation: Samurai Jack - The Guardian,"
$12.99
"
707,Funko Pop! TV: Creepshow - Genie,"
$12.99
"
708,Funko Pop! My Little Pony - Blossom,"
$12.99
"
709,Funko Pop! Marvel: Shang-Chi Razor Fist,"
$12.99
"
710,Funko Pop! NFL: Houston Texans - JJ Watt,"
$12.99
"
711,Funko Pop! TV: Will & Grace - Jack McFarland,"
$12.99
"
712,Funko Pop!: Star Wars The Rise of Skywalker - Rose,"
$12.99
"
713,Funko Pop! Pin: Avatar The Last Airbender - Sokka,"
$15.99
"
714,Funko Pop! Heroes: Black Lightning - Thunder,"
$12.99
"
715,Funko Pop! NHL: Washington Capitals- John Carlson,"
$12.99
"
716,Funko Pop! TV: VEEP - Jonah Ryan,"
$12.99
"
717,Funko Pop! MLB: Pittsburgh Pirates - Josh Bell,"
$12.99
"
718,Funko Pop! Movies: Minions 2 - Young Gru,"
$12.99
"
719,Funko Pop! Comics: Dilbert- Dilbert,"
$12.99
"
720,"Funko Pop! Star Trek Original Series - Captain Kirk (Mirror, Mirror Outfit)","
$12.99
"
721,Funko Pop! Zack Snyder's Justice League - DeSaad,"
$12.99
"
722,Funko Pop! Movies: Jungle Cruise - Frank,"
$11.99
"
723,Funko Pop! NHL: Maple Leafs- Auston Matthews (Home Unifor,"
$12.99
"
724,Funko Pop! Games: Fortnite - Scratch,"
$12.99
"
725,Funko Pop! Keychain: Umbrella Academy- Number 5,"
$9.99
"
726,Funko Pop! Pin: Marvel - Falcon,"
$15.99
"
727,Funko Pop! Animation: Bakugan- Tigrerra,"
$12.99
"
728,Funko Pop! Keychain: Tokidoki- Mozzarella,"
$9.99
"
729,Funko Pop! Disney: Haunted Mansion Portraits - Alexander Nitrokoff,"
$12.99
"
730,Funko Pop! Keychain: Mandalorian- Mando w/Blaster,"
$9.99
"
731,Funko Pop! Rocks: Pet Shop Boys - Chris Lowe,"
$12.99
"
732,Funko Pop! Rocks: Boyz II Men - Shawn Stockman,"
$12.99
"
733,Funko Pop! NHL:Legends-JeanBelieveau(Canadiens),"
$12.99
"
734,Funko Pop! TV: Eastbound & Down - Kenny Powers in Mariachi Outfit,"
$12.99
"
735,Funko Pop! Paka Paka: Boo Hollow - Zeke,"
$12.99
"
736,Funko Pop! Keychain: Mandalorian- Moff Gideon,"
$5.00
"
737,Funko Pop! Animation: Super Chicken- Super Chicken,"
$12.99
"
738,Funko Pop! Animation: Bakugan- Shun,"
$12.99
"
739,Funko Pop! Pin: Avatar The Last Airbender - Katara,"
$15.99
"
740,Funko Pop! NBA: Rockets-JohnWall(Red Jersey),"
$12.99
"
741,Funko Pop! Pin: Judge Doom Black PU suit,"
$15.99
"
742,Funko Pop! Keychain: Nightmare Before Christmas - The Mayor,"
$9.99
"
743,Funko Pop! Animation: Line Friends- Sally,"
$12.99
"
744,Funko Pop! Pin: Smarty Weesel,"
$15.99
"
745,Funko Pop! NHL: Jets- Kyle Connor (Home Uniform),"
$12.99
"
746,Funko Pop! Star Wars: Babu Frik 10 Inch,"
$39.99
"
747,Funko Pop! NHL: Predators- Roman Josi (Home Uniform),"
$12.99
"
748,Funko Pop! Football: Liverpool- Thiago Alc�ntara,"
$12.99
"
749,Funko Pop! Animation: Line Friends- Choco,"
$12.99
"
750,Funko Pop! My Little Pony - Butterscotch,"
$12.99
"
751,Funko Pop! Keychain: My Little Pony - Cotton Candy,"
$9.99
"
752,Funko Pop! Keychain: Wonder Woman 80th-Wonder Woman(Challenge Of The Gods),"
$9.99
"
753,Funko Pop! MLB: Colorado Rockies - Nolan Arenado,"
$12.99
"
754,"Funko Pop! Plush Disney: Villains - Queen Grimhilde 4""","
$9.99
"
755,Funko Pop! TV: Fantasy Island - Mr. Roarke,"
$12.99
"
756,"Funko Pop! Star Trek Original Series - Sulu (Mirror, Mirror Outfit)","
$12.99
"
757,Funko Pop! Keychain: Star Wars- Han Solo,"
$9.99
"
758,Funko Pop! MLB: Twins- José Berríos (Home Uniform),"
$12.99
"
759,Funko Pop! Keychain: Tokidoki- Donutella,"
$9.99
"
760,Funko Pop! Ride Paka Paka: Boo Hollow - Gabe in The Bone Buggy,"
$39.99
"
761,Funko Pop!: Tennis Legends - Amanda Anisimova,"
$12.99
"
762,Funko Pop! Tokidoki: SANDy,"
$12.99
"
763,Funko Pop! MLB: Diamondbacks- Ketel Marte (Home Uniform),"
$12.99
"
764,Funko Pop! TV: Seinfeld - Elaine with Sombrero,"
$12.99
"
765,Funko Pop! Paka Paka: Boo Hollow: Pumpkin Showdown Game,"
$9.99
"
766,Funko Pop! Keychain: Umbrella Academy- Vanya (w/chase),"
$9.99
"
767,"Funko Pop! Star Trek Original Series - Uhura (Mirror, Mirror Outfit)","
$12.99
"
768,Funko Pop! Disney Pixar: Alien Remix Mrs. Incredible,"
$12.99
"
769,Funko Pop! My Little Pony - Snuzzle,"
$12.99
"
770,Funko Pop! WWE: Otis (Money in the Bank),"
$12.99
"
771,Funko Pop! MLB: Angels- Anthony Rendon (Home Uniform),"
$12.99
"
772,Funko Pop! NHL: Oilers- Leon Draisaitl (Road Uniform),"
$12.99
"
773,Funko Pop!: Tennis Legends - Nick Kyrgios,"
$12.99
"
